workerID,completed_HITs,correct_HITs,HIT_correctness_rate,initial_precision,initial_recall,initial_f1,initial_precision_difference_from_baseline,initial_recall_difference_from_baseline,initial_f1_difference_from_baseline,final_precision,final_recall,final_f1
AEK2CJMRPTBN5,17,11,0.6470588235294118,0.8496434937611408,0.7626793141499023,0.7915405651236697,+0.03913864773,+0.0574862425381,+0.0668358602831,0.9150895140664962,0.9068627450980391,0.9084967320261439
A2MVQGP9T5Q5FS,1,1,1,1.0,1.0,1.0,+0.189495153969,+0.294806928388,+0.275295295159,1.0,1.0,1.0
ACMSW49N239AC,1,0,0,0.1,0.045454545454545456,0.06250000000000001,+-0.710504846031,+-0.659738526157,+-0.662204704841,0.1,0.045454545454545456,0.06250000000000001
ADN6I9ITJWFNL,13,12,0.9230769230769231,0.8262820512820512,0.7834942834942835,0.7778957698265251,+0.0157772052509,+0.0783012118824,+0.053191064986,0.9966555183946488,1.0,0.9982905982905982
A3NHJPE6326P9V,4,2,0.5,0.7999999999999999,0.75,0.757020757020757,+-0.0105048460312,+0.0448069283882,+0.0323160521802,0.96875,0.90625,0.9330357142857143
A2QNMH7AWCFPL1,9,6,0.6666666666666666,0.5983164983164982,0.5538720538720538,0.5671674005007338,+-0.212188347715,+-0.15132101774,+-0.15753730434,0.837962962962963,0.8194444444444444,0.8273809523809523
A3MFHNI3OVDV2G,1,0,0,0.8333333333333334,0.7142857142857143,0.7692307692307692,+0.0228284873022,+0.00909264267388,+0.0445260643902,1.0,1.0,1.0
A1UXWUM04RAO59,18,14,0.7777777777777778,0.8758913925580593,0.7667047458714126,0.7903765755692734,+0.0653865465269,+0.0615116742596,+0.0656718707287,0.9398148148148147,0.9404761904761905,0.9399713723385221
A1R4Y1TEMWJNT4,18,13,0.7222222222222222,0.8845452387119054,0.8328122494789162,0.8326197676687872,+0.0740403926807,+0.127619177867,+0.107915062828,0.922022792022792,0.908008658008658,0.9139853710775698
A2B7SFNS7F3GY9,18,14,0.7777777777777778,0.8455128205128205,0.7546697130030463,0.7639820136228181,+0.0350079744817,+0.0494766413912,+0.0392773087823,0.9419191919191919,0.9379509379509381,0.9398615787504677
A3P0LQCNIXWOVJ,18,3,0.16666666666666666,0.11111111111111113,0.0763888888888889,0.08888888888888888,+-0.69939373492,+-0.628804182723,+-0.635815815952,0.9101010101010101,0.7660634118967451,0.7979439884597662
A1CQF8BN4H2IQZ,1,0,0,0.8333333333333334,0.7142857142857143,0.7692307692307692,+0.0228284873022,+0.00909264267388,+0.0445260643902,0.8333333333333334,0.7142857142857143,0.7692307692307692
ACJR2IADLW6HD,1,1,1,0.0,0.0,0,+-0.810504846031,+-0.705193071612,+-0.724704704841,1.0,1.0,1.0
A3EBUBRYCKB6AF,1,0,0,0.0,0.0,0,+-0.810504846031,+-0.705193071612,+-0.724704704841,0.0,0.0,0
A25QS426U0L4ND,2,1,0.5,0.5,0.5,0.5,+-0.310504846031,+-0.205193071612,+-0.224704704841,1.0,0.6666666666666666,0.75
A333STM8M95GJX,18,14,0.7777777777777778,0.8410493827160495,0.7856441398108066,0.7856639426900864,+0.0305445366849,+0.080451068199,+0.0609592378496,0.9420289855072465,0.9444444444444443,0.9432098765432099
A1P7NVEWVZE133,3,1,0.3333333333333333,0.3333333333333333,0.3333333333333333,0.3333333333333333,+-0.477171512698,+-0.371859738279,+-0.391371371507,0.9444444444444445,0.8181818181818182,0.8627450980392157
A243U9BA8M2EY9,1,0,0,0.0,0.0,0,+-0.810504846031,+-0.705193071612,+-0.724704704841,0.0,0.0,0
AFQKLIYNCVZTL,5,3,0.6,0.8363636363636363,0.7777777777777778,0.7068717948717949,+0.0258587903325,+0.0725847061659,+-0.0178329099687,0.8363636363636363,0.8777777777777778,0.7735384615384615
AIJEWX92UW722,1,1,1,1.0,1.0,1.0,+0.189495153969,+0.294806928388,+0.275295295159,1.0,1.0,1.0
AW0IWJHAE6IES,4,3,0.75,0.95,0.7157738095238095,0.808974358974359,+0.139495153969,+0.010580737912,+0.0842696541338,0.9375,0.9642857142857143,0.95
A1X6Z5P43QE3IP,22,18,0.8181818181818182,0.8772715697849388,0.7995226117755763,0.8034108743751881,+0.0667667237538,+0.0943295401637,+0.0787061695347,0.9524793388429753,0.9394923258559623,0.9449035812672176
A3265QTYKPZMC6,2,1,0.5,1.0,1.0,1.0,+0.189495153969,+0.294806928388,+0.275295295159,1.0,1.0,1.0
A1LB4EJUIYDMYJ,2,2,1.0,0.7552447552447552,0.6590909090909092,0.6994134897360704,+-0.0552600907864,+-0.0461021625209,+-0.0252912151045,1.0,1.0,1.0
AO8LXT6Z1D9MU,18,15,0.8333333333333334,0.9420289855072465,0.9444444444444443,0.9432098765432099,+0.131524139476,+0.239251372833,+0.218505171703,0.9420289855072465,0.9444444444444443,0.9432098765432099
A158PF19CNYVS0,1,1,1,1.0,1.0,1.0,+0.189495153969,+0.294806928388,+0.275295295159,1.0,1.0,1.0
ARQYCKZLIPXFH,1,1,1,1.0,0.375,0.5454545454545454,+0.189495153969,+-0.330193071612,+-0.179250159386,1.0,1.0,1.0
A1SVY6OLOUWIOZ,12,10,0.8333333333333334,0.8780693843193843,0.8464556277056277,0.8418244609421078,+0.0675645382882,+0.141262556094,+0.117119756102,0.9166666666666666,0.9166666666666666,0.9166666666666666
A2A9EWTHDTEX1R,2,1,0.5,0.9,0.75,0.7777777777777778,+0.0894951539688,+0.0448069283882,+0.0530730729372,0.9,1.0,0.9444444444444444
A1EUFLTY56TF0B,3,2,0.6666666666666666,0.811965811965812,0.7348484848484849,0.7428571428571429,+0.00146096593465,+0.0296554132366,+0.0181524380166,0.9855072463768116,1.0,0.9925925925925926
A3GE7CHWBLELVD,1,1,1,1.0,1.0,1.0,+0.189495153969,+0.294806928388,+0.275295295159,1.0,1.0,1.0
A185M4X8HLC539,1,0,0,1.0,1.0,1.0,+0.189495153969,+0.294806928388,+0.275295295159,1.0,1.0,1.0
A32AUS7ZYWFXYC,18,13,0.7222222222222222,0.8080032783980152,0.7906645823312488,0.7676259736646209,+-0.00250156763315,+0.0854715107194,+0.0429212688241,0.9420289855072465,0.9343434343434343,0.9376543209876543
A3FVEEK2ETHQ6Y,1,0,0,1.0,0.5,0.6666666666666666,+0.189495153969,+-0.205193071612,+-0.0580380381739,1.0,0.5,0.6666666666666666
A1SRF7085UM3HI,18,15,0.8333333333333334,0.9074074074074074,0.8439754689754689,0.8519306305530128,+0.0969025613762,+0.138782397364,+0.127225925712,0.9420289855072465,0.9444444444444443,0.9432098765432099
AJD3JOWNVDZD1,18,13,0.7222222222222222,0.8043615984405459,0.7478054353054353,0.7446423194390674,+-0.00614324759062,+0.0426123636936,+0.0199376145985,0.9371980676328502,0.9147025813692481,0.9223985890652558
A3GW4QYXG1OXFW,4,3,0.75,0.9807692307692307,0.7976190476190477,0.8472222222222222,+0.170264384738,+0.0924259760072,+0.122517517382,0.9821428571428571,0.9821428571428571,0.9821428571428571
A154F2HAJMLP17,1,0,0,0.0,0.0,0,+-0.810504846031,+-0.705193071612,+-0.724704704841,1.0,0.25,0.4
A2D4N5OITN925S,14,10,0.7142857142857143,0.9208037060978237,0.7935606060606061,0.8342011163439735,+0.110298860067,+0.0883675344488,+0.109496411503,0.9165372670807453,0.9196428571428571,0.9180555555555555
A3857424R8YR3Y,1,1,1,1.0,1.0,1.0,+0.189495153969,+0.294806928388,+0.275295295159,1.0,1.0,1.0
ALK9TDKJATMQX,18,10,0.5555555555555556,0.7617013823535563,0.6948452781786114,0.6898650731984065,+-0.0488034636776,+-0.0103477934332,+-0.0348396316421,0.8827697262479872,0.8657407407407407,0.8727515991883809
A3EEWSPD9OA2U0,3,2,0.6666666666666666,0.9095238095238095,0.8928571428571429,0.8915343915343916,+0.0990189634926,+0.187664071245,+0.166829686694,1.0,1.0,1.0
A33SKJTJTE5H3C,9,5,0.5555555555555556,0.8444444444444444,0.7195165945165944,0.7674377674377674,+0.0339395984133,+0.0143235229048,+0.0427330625972,0.8470209339774558,0.8154761904761905,0.8290326956993624
A3QLUTH89HZQC9,18,15,0.8333333333333334,0.8734222567555899,0.8215989257655925,0.8245718559105981,+0.0629174107244,+0.116405854154,+0.0998671510701,0.9396135265700483,0.9419191919191919,0.9407407407407407
A2KTGGDRFBK3A8,1,1,1,1.0,1.0,1.0,+0.189495153969,+0.294806928388,+0.275295295159,1.0,1.0,1.0
AF52MD4ZG2CYV,14,11,0.7857142857142857,0.9291048237476809,0.8839028035456606,0.9018884663562324,+0.118599977717,+0.178709731934,+0.177183761516,0.9914285714285714,0.9464285714285714,0.9525835866261397
A3BPY4DP4DCL6F,1,0,0,0.5333333333333333,1.0,0.6956521739130436,+-0.277171512698,+0.294806928388,+-0.0290525309275,0.5333333333333333,1.0,0.6956521739130436
AOWGCWZ7X00RX,1,0,0,0.0,0.0,0,+-0.810504846031,+-0.705193071612,+-0.724704704841,1.0,0.4444444444444444,0.6153846153846153
A2ZMXBMLTPSS4D,2,2,1.0,1.0,0.875,0.9285714285714286,+0.189495153969,+0.169806928388,+0.203866723731,1.0,1.0,1.0
A38GYT6H3YKG4J,18,14,0.7777777777777778,0.8729497354497354,0.7807038640371974,0.8052384071991914,+0.0624448894186,+0.0755107924254,+0.0805337023587,0.9142512077294687,0.9444444444444443,0.9246913580246913
A1NPFJYWQH814I,7,3,0.42857142857142855,0.8441558441558442,0.6499690785405071,0.693533979248265,+0.0336509981247,+-0.0552239930713,+-0.0311707255923,0.8441558441558442,0.6499690785405071,0.693533979248265
A2LKXXNT29E29Y,1,1,1,0.75,0.2727272727272727,0.39999999999999997,+-0.0605048460312,+-0.432465798885,+-0.324704704841,1.0,1.0,1.0
A2SPHNTPIDGC55,2,2,1.0,1.0,0.75,0.8333333333333333,+0.189495153969,+0.0448069283882,+0.108628628493,1.0,1.0,1.0
A2Y59SQMTEKIPD,17,10,0.5882352941176471,0.597463207437632,0.6167982344452932,0.5390671420083184,+-0.213041638594,+-0.0883948371665,+-0.185637562832,0.8890608875128999,0.9369747899159664,0.8995563338274335
AXR8QNGNBF1DU,18,14,0.7777777777777778,0.8850783475783476,0.8109968734968734,0.8082153231663036,+0.0745735015472,+0.105803801885,+0.0835106183258,0.9420289855072465,0.9444444444444443,0.9432098765432099
A8H6S1DAWAA1V,2,1,0.5,0.8125,0.6388888888888888,0.6923076923076923,+0.00199515396884,+-0.0663041827229,+-0.0323970125328,0.8125,0.6388888888888888,0.6923076923076923
A2COSIJ0PXHLP0,3,2,0.6666666666666666,0.9333333333333333,0.5052910052910052,0.6495726495726495,+0.122828487302,+-0.199902066321,+-0.0751320552679,1.0,1.0,1.0
AC6F9EZE9MG1V,1,0,0,0.0,0.0,0,+-0.810504846031,+-0.705193071612,+-0.724704704841,0.5,1.0,0.6666666666666666
A1ECLPJ8TOEKJ3,18,1,0.05555555555555555,0.7176767676767676,0.5279982363315696,0.5663788260406618,+-0.0928280783544,+-0.17719483528,+-0.1583258788,0.7176767676767676,0.5279982363315696,0.5663788260406618
AKHO08K69B4Y4,1,1,1,1.0,0.6666666666666666,0.8,+0.189495153969,+-0.0385264049452,+0.0752952951595,1.0,1.0,1.0
AVMIXXCHPD291,1,0,0,1.0,0.75,0.8571428571428571,+0.189495153969,+0.0448069283882,+0.132438152302,1.0,0.75,0.8571428571428571
A2GTN3XHBTF1MH,1,1,1,1.0,1.0,1.0,+0.189495153969,+0.294806928388,+0.275295295159,1.0,1.0,1.0
ALJMDVY95Y5G4,3,2,0.6666666666666666,0.8492063492063493,0.8492063492063493,0.8461538461538461,+0.0387015031752,+0.144013277595,+0.121449141313,1.0,1.0,1.0
A1DRCRAL9SH5PO,18,15,0.8333333333333334,0.9013888888888888,0.8406084656084657,0.8430573854486898,+0.0908840428577,+0.135415393997,+0.118352680608,0.9420289855072463,0.9444444444444443,0.9432098765432098
A304QFJ4DO34Z8,2,0,0.0,0.2727272727272727,0.5,0.3529411764705882,+-0.537777573304,+-0.205193071612,+-0.37176352837,0.425,0.875,0.5333333333333332
A3I9XLIHPPWPN1,2,2,1.0,1.0,0.75,0.8333333333333333,+0.189495153969,+0.0448069283882,+0.108628628493,1.0,1.0,1.0
A1XTTW41VO1XGQ,2,1,0.5,1.0,0.625,0.7619047619047619,+0.189495153969,+-0.0801930716118,+0.0372000570642,0.5,0.5,0.5
A2DV5UGDVXZ4YO,1,0,0,1.0,0.6666666666666666,0.8,+0.189495153969,+-0.0385264049452,+0.0752952951595,1.0,1.0,1.0
A36ZLJKXCC5REN,5,0,0.0,0.26969696969696966,0.325,0.28190476190476194,+-0.540807876334,+-0.380193071612,+-0.442799942936,0.48969696969696974,0.6583333333333334,0.5384704184704184
A29N2NWVXHVLDV,18,6,0.3333333333333333,0.7847402597402597,0.7554413179413179,0.7406929656929657,+-0.0257645862909,+0.0502482463295,+0.0159882608524,0.8568438003220613,0.8072089947089948,0.8104072122188064
A1323ZPP9VMFY,1,1,1,0.8181818181818182,0.8181818181818182,0.8181818181818182,+0.00767697215066,+0.11298874657,+0.0934771133413,1.0,1.0,1.0
A167SYXGXFU7C8,1,0,0,0.0,0.0,0,+-0.810504846031,+-0.705193071612,+-0.724704704841,0.5333333333333333,1.0,0.6956521739130436
AB85I9UI54YLM,1,0,0,0.0,0.0,0,+-0.810504846031,+-0.705193071612,+-0.724704704841,0.0,0.0,0
A19OH5PQ7ZZ6UV,4,2,0.5,0.7,0.6277056277056277,0.6301075268817203,+-0.110504846031,+-0.0774874439062,+-0.0945971779588,0.9891304347826088,1.0,0.9944444444444445
A1JP58Y4XAT7EU,1,1,1,1.0,1.0,1.0,+0.189495153969,+0.294806928388,+0.275295295159,1.0,1.0,1.0
A2V0KT4Q3KR9E7,4,1,0.25,0.5249999999999999,0.5386904761904762,0.5272727272727272,+-0.285504846031,+-0.166502595421,+-0.197431977568,0.9583333333333334,0.9583333333333334,0.9583333333333334
A1KAGE2AVL6ZGO,7,6,0.8571428571428571,0.8571428571428571,0.8282312925170068,0.80989010989011,+0.0466380111117,+0.123038220905,+0.0851854050496,1.0,0.9591836734693877,0.9761904761904762
A3SB7UDTB45F8N,15,6,0.4,0.5060594035594035,0.5393939393939393,0.5013292394631137,+-0.304445442472,+-0.165799132218,+-0.223375465377,0.6269824016563147,0.6595238095238094,0.6361114867402899
A1R4O3JMD41ML8,3,2,0.6666666666666666,0.6071428571428571,0.6818181818181818,0.6013986013986015,+-0.203361988888,+-0.0233748897937,+-0.123306103442,0.9855072463768116,1.0,0.9925925925925926
AZV195E9JW7ZH,1,0,0,0.8,1.0,0.888888888888889,+-0.0105048460312,+0.294806928388,+0.164184184048,0.75,0.75,0.75
A1RF7JE545EPAD,3,1,0.3333333333333333,0.7916666666666666,0.625,0.5740740740740741,+-0.0188381793645,+-0.0801930716118,+-0.150630630766,0.7916666666666666,0.625,0.5740740740740741
A2UD295CIKI9F,3,2,0.6666666666666666,0.6666666666666667,0.44444444444444453,0.5252525252525253,+-0.143838179364,+-0.260748627167,+-0.199452179588,0.6666666666666666,0.6666666666666666,0.6666666666666666
AHSY0VVGL4XQD,17,11,0.6470588235294118,0.8952694364459071,0.8053857906799082,0.8081352556971753,+0.0847645904147,+0.100192719068,+0.0834305508566,0.938618925831202,0.9117647058823528,0.9202614379084966
A2XEJ4VQ6WZCSE,1,0,0,1.0,0.13636363636363635,0.24000000000000002,+0.189495153969,+-0.568829435248,+-0.484704704841,0.9545454545454546,0.9545454545454546,0.9545454545454546
ACM2EBNMLJO9D,1,0,0,1.0,1.0,1.0,+0.189495153969,+0.294806928388,+0.275295295159,1.0,1.0,1.0
A2NV5CA59IXOAY,18,14,0.7777777777777778,0.8967897364449089,0.8166486291486292,0.8269841413252265,+0.0862848904137,+0.111455557537,+0.102279436485,0.9420289855072465,0.9444444444444443,0.9432098765432099
A37L9WI5SQM83H,4,2,0.5,0.7897727272727273,0.8888888888888888,0.7724137931034483,+-0.0207321187584,+0.183695817277,+0.0477090882629,0.7368421052631579,0.75,0.7432432432432432
A2RMJNF6IPI42F,18,10,0.5555555555555556,0.805911680911681,0.7475148308481642,0.7399094732428065,+-0.00459316511948,+0.0423217592363,+0.0152047684023,0.9272641480243818,0.9354256854256854,0.9306602520888236
A2PO6X5005FNDI,18,15,0.8333333333333334,0.8525252525252525,0.8279320987654321,0.8124841852359014,+0.0420204064941,+0.122739027154,+0.0877794803954,0.9419191919191919,0.9419191919191919,0.9419191919191919
A1H83UBDQMKMN1,2,0,0.0,0.3333333333333333,0.5,0.4,+-0.477171512698,+-0.205193071612,+-0.324704704841,0.7333333333333334,0.75,0.7076923076923077
A255Z4U24Y2SP8,3,2,0.6666666666666666,0.6571428571428571,0.4166666666666667,0.4592592592592593,+-0.153361988888,+-0.288526404945,+-0.265445445581,0.8571428571428571,0.8333333333333334,0.8444444444444444
AMHZ8D856PO3F,18,8,0.4444444444444444,0.5538299663299662,0.6191277857944524,0.5376658231730697,+-0.256674879701,+-0.0860652858174,+-0.187038881667,0.8392868202650812,0.8861531986531985,0.848963844797178
AQW67R8JPMU85,1,0,0,0.5,1.0,0.6666666666666666,+-0.310504846031,+0.294806928388,+-0.0580380381739,0.5,1.0,0.6666666666666666
ATU5UBFMPVJ83,1,0,0,0.6,0.3333333333333333,0.42857142857142855,+-0.210504846031,+-0.371859738279,+-0.296133276269,0.6,0.3333333333333333,0.42857142857142855
A11INOLBSOUEVA,4,2,0.5,0.625,0.5833333333333333,0.5416666666666667,+-0.185504846031,+-0.121859738279,+-0.183038038174,0.8888888888888888,0.9285714285714286,0.90625
A8EFYHEFE8S9C,18,15,0.8333333333333334,0.8690149356816024,0.834505772005772,0.8289826841397299,+0.0585100896504,+0.129312700394,+0.104277979299,0.9420289855072465,0.9444444444444443,0.9432098765432099
A1P8IPYP0KB1TA,16,11,0.6875,0.7875000000000001,0.7685222763347764,0.7471808573371074,+-0.0230048460312,+0.0633292047229,+0.0224761524966,0.8879076086956521,0.9062499999999999,0.8777777777777777
A33XXKGG4SP92D,1,1,1,1.0,0.8333333333333334,0.9090909090909091,+0.189495153969,+0.128140261721,+0.18438620425,1.0,1.0,1.0
A315I4VR5PQ7M2,1,1,1,0.9090909090909091,0.5555555555555556,0.6896551724137931,+0.0985860630597,+-0.149637516056,+-0.0350495324267,1.0,1.0,1.0
A1C726O0DAGK17,5,2,0.4,0.5599999999999999,0.4,0.4444444444444444,+-0.250504846031,+-0.305193071612,+-0.280260260396,0.55,0.65,0.5833333333333333
A2KYR3GRQT2EL0,2,1,0.5,0.5625,0.6136363636363636,0.5,+-0.248004846031,+-0.0915567079755,+-0.224704704841,0.9782608695652174,1.0,0.9888888888888889
AROEBUDI2L9G9,18,15,0.8333333333333334,0.7902056277056277,0.7230639730639732,0.706470440973365,+-0.0202992183255,+0.0178709014521,+-0.0182342638672,0.9420289855072465,0.9444444444444443,0.9432098765432099
A10BH9PYCYUKDJ,3,3,1.0,1.0,0.7361111111111112,0.8181818181818182,+0.189495153969,+0.0309180394993,+0.0934771133413,1.0,1.0,1.0
A115UFR6VA6OM1,18,13,0.7222222222222222,0.8506817256817257,0.8138828763828765,0.7916375738956383,+0.0401768796506,+0.108689804771,+0.0669328690551,0.9420289855072465,0.9444444444444443,0.9432098765432099
A1EQ2HDHF2WWSY,18,13,0.7222222222222222,0.9428090428090427,0.8288540163540165,0.8613425739862521,+0.132304196778,+0.123660944742,+0.136637869146,0.9420289855072465,0.9204545454545454,0.9297178130511464
AFSB8WBSUU2B4,1,0,0,1.0,0.6666666666666666,0.8,+0.189495153969,+-0.0385264049452,+0.0752952951595,1.0,0.16666666666666666,0.2857142857142857
A3OKWRLKLYVH4F,18,14,0.7777777777777778,0.8569450773398142,0.8502184543851211,0.8274223299793716,+0.0464402313087,+0.145025382773,+0.102717625139,0.9420289855072465,0.9444444444444443,0.9432098765432099
A3FVUXM0IHPXYO,1,0,0,0.0,0.0,0,+-0.810504846031,+-0.705193071612,+-0.724704704841,1.0,0.75,0.8571428571428571
A3O81LHBBI8NPK,1,0,0,0.0,0.0,0,+-0.810504846031,+-0.705193071612,+-0.724704704841,1.0,0.3333333333333333,0.5
A37WDOIQH6JM6V,2,1,0.5,0.875,0.7916666666666667,0.8295454545454546,+0.0644951539688,+0.0864735950548,+0.104840749705,1.0,0.9166666666666667,0.9545454545454546
AURYD2FH3FUOQ,18,11,0.6111111111111112,0.8242721297545859,0.8111471861471862,0.7961088493489259,+0.0137672837234,+0.105954114535,+0.0714041445084,0.9041501976284585,0.8888187429854097,0.8858968192301527
A15Q13YESD28V6,18,15,0.8333333333333334,0.921054131054131,0.8898508898508898,0.8880660120021824,+0.110549285023,+0.184657818239,+0.163361307162,0.9420289855072465,0.9444444444444443,0.9432098765432099
A3NRGIQSHCLOV3,1,0,0,0.8,1.0,0.888888888888889,+-0.0105048460312,+0.294806928388,+0.164184184048,0.8,1.0,0.888888888888889
A2BJT8I6ZAV8MU,4,0,0.0,0.3928571428571429,0.45413961038961037,0.4095381362823224,+-0.417647703174,+-0.251053461222,+-0.315166568558,0.9782608695652174,0.9172077922077922,0.9416666666666667
A20MX2GRMYZ3BO,18,15,0.8333333333333334,0.7550973536267656,0.8380130671797339,0.774398482996389,+-0.0554074924044,+0.132819995568,+0.0496937781559,0.9420289855072465,0.9444444444444443,0.9432098765432099
A2Y4R2BHAY7H2B,1,0,0,1.0,0.5,0.6666666666666666,+0.189495153969,+-0.205193071612,+-0.0580380381739,1.0,0.5,0.6666666666666666
AZBHD78KQMIKB,4,1,0.25,0.09803921568627451,0.1607142857142857,0.12083333333333333,+-0.712465630345,+-0.544478785898,+-0.603871371507,0.28260869565217395,0.35714285714285715,0.30000000000000004
AWX4LIGWKDFF,2,0,0.0,0.5,0.0625,0.1111111111111111,+-0.310504846031,+-0.642693071612,+-0.613593593729,1.0,0.1875,0.3111111111111111
AYFOAD75CRBKE,18,12,0.6666666666666666,0.7664682539682539,0.7358706108706109,0.7298081846468943,+-0.0440365920629,+0.0306775392588,+0.00510347980637,0.9420289855072465,0.9312570145903478,0.9360670194003528
A2FZE7CARM54IG,18,13,0.7222222222222222,0.7984527817861151,0.8142336059002725,0.7820901669019947,+-0.012052064245,+0.109040534288,+0.0573854620615,0.9118037518037518,0.909652076318743,0.9099640017193208
A2Z6QUQZF8954Y,1,1,1,0.8,0.5,0.6153846153846154,+-0.0105048460312,+-0.205193071612,+-0.109320089456,1.0,1.0,1.0
A1B7HJPGMX4TU3,6,3,0.5,0.8505050505050504,0.7064393939393939,0.7078347578347579,+0.0400002044739,+0.00124632232756,+-0.0168699470058,0.9927536231884059,0.9166666666666667,0.9407407407407408
A4H1NYJVE7C53,18,15,0.8333333333333334,0.8840965207631875,0.8500781625781626,0.8493384596602388,+0.073591674732,+0.144885090966,+0.12463375482,0.9420289855072465,0.9444444444444443,0.9432098765432099
A3TAFJGK9RSPB,13,11,0.8461538461538461,0.9167832167832167,0.8648851148851148,0.8791352877891339,+0.106278370752,+0.159692043273,+0.154430582949,0.9966555183946488,0.9903846153846154,0.9931623931623931
A2IICH6KZZB6XF,15,5,0.3333333333333333,0.7515567765567767,0.7741702741702741,0.7067892976588628,+-0.0589480694744,+0.0689772025584,+-0.0179154071817,0.7363403263403262,0.8484848484848485,0.7540800433116776
A2SBUN0TST2AZ8,17,12,0.7058823529411765,0.9475490196078432,0.8053857906799081,0.8529507257448434,+0.137044173577,+0.100192719068,+0.128246020904,0.9909502262443438,0.9381843646549528,0.9592436974789914
ACCY48FRTI0E9,1,0,0,1.0,0.5,0.6666666666666666,+0.189495153969,+-0.205193071612,+-0.0580380381739,1.0,0.5,0.6666666666666666
A1XIQNZH1VEFTQ,1,0,0,0.0,0.0,0,+-0.810504846031,+-0.705193071612,+-0.724704704841,1.0,0.5,0.6666666666666666
A37PBOUXGARPML,18,15,0.8333333333333334,0.8784439634439636,0.7909752284752284,0.8179366557617147,+0.0679391174128,+0.0857821568634,+0.0932319509212,0.9420289855072465,0.9444444444444443,0.9432098765432099
A14W0IW2KGR80K,2,0,0.0,0.7272727272727273,0.8125,0.763157894736842,+-0.0832321187584,+0.107306928388,+0.0384531898963,0.7272727272727273,0.8125,0.763157894736842
A3CTRPYM593S4J,18,13,0.7222222222222222,0.8608866442199774,0.7797218213884881,0.7993323548879103,+0.0503817981888,+0.0745287497767,+0.0746276500474,0.9391050088990592,0.9305555555555555,0.9337718671052004
A1VGZ2K3HF66TE,18,4,0.2222222222222222,0.2919191919191919,0.26957070707070707,0.2752715121136174,+-0.518585654112,+-0.435622364541,+-0.449433192727,0.8444358111024779,0.7713544171877506,0.7764617890569491
A35D31QHYQUF9V,3,1,0.3333333333333333,0.9111111111111111,0.7380952380952381,0.804029304029304,+0.10060626508,+0.0329021664834,+0.0793245991888,1.0,1.0,1.0
A1NHFCWPAQNUT6,13,12,0.9230769230769231,0.932051282051282,0.9135586635586636,0.9051282051282051,+0.12154643602,+0.208365591947,+0.180423500288,0.9966555183946488,1.0,0.9982905982905982
A203HI499F5HCI,3,0,0.0,0.7282828282828283,0.8143939393939394,0.7427065687935254,+-0.0822220177483,+0.109200867782,+0.018001863953,0.7073677956030897,0.8143939393939394,0.7241558441558441
A1I6P3XTSPFEK5,18,14,0.7777777777777778,0.9604773581222856,0.8953222703222703,0.9184482303312594,+0.149972512091,+0.19012919871,+0.193743525491,0.997584541062802,0.962962962962963,0.9751964085297418
A5N6QK76RTR7R,1,0,0,1.0,0.5,0.6666666666666666,+0.189495153969,+-0.205193071612,+-0.0580380381739,0.0,0.0,0
AE627VT8OR8A6,3,3,1.0,0.27272727272727276,0.27272727272727276,0.27272727272727276,+-0.537777573304,+-0.432465798885,+-0.451977432113,1.0,1.0,1.0
A35IEM9AICHLN0,18,1,0.05555555555555555,0.05128205128205128,0.047619047619047616,0.049382716049382734,+-0.759222794749,+-0.657574023993,+-0.675321988791,0.7786016761016761,0.7827881994548662,0.7370399997211591
A3AMX0BADW0LX7,6,0,0.0,0.27380952380952384,0.2474747474747475,0.25333333333333335,+-0.536695322222,+-0.457718324137,+-0.471371371507,0.7086385836385837,0.7474747474747474,0.6612186379928315
A1XD2G6NO4RPA1,1,1,1,1.0,0.8333333333333334,0.9090909090909091,+0.189495153969,+0.128140261721,+0.18438620425,1.0,1.0,1.0
AT5P2JKIUHFYP,1,1,1,0.8571428571428571,0.75,0.7999999999999999,+0.0466380111117,+0.0448069283882,+0.0752952951595,1.0,1.0,1.0
A3IB7YJHP04OHI,1,0,0,0.5555555555555556,0.2777777777777778,0.3703703703703704,+-0.254949290476,+-0.427415293834,+-0.35433433447,0.5555555555555556,0.2777777777777778,0.3703703703703704
AZZDXA6TV6737,18,15,0.8333333333333334,0.8657327469970492,0.803882074715408,0.8102352894019561,+0.0552279009659,+0.0986890031036,+0.0855305845614,0.9420289855072465,0.9444444444444443,0.9432098765432099
A2QTP92PCZUGI2,18,13,0.7222222222222222,0.8565656565656565,0.8791185666185666,0.8531719914072855,+0.0460608105345,+0.173925495007,+0.128467286567,0.9253623188405796,0.9444444444444443,0.9334059549745825
AEDA8P1A4WJGZ,1,0,0,0.5,1.0,0.6666666666666666,+-0.310504846031,+0.294806928388,+-0.0580380381739,0.5,1.0,0.6666666666666666
A1HDMCYNBG937V,3,0,0.0,0.8222222222222223,0.7314814814814815,0.7597883597883598,+0.0117173761911,+0.0262884098696,+0.0350836549478,0.8222222222222223,0.7314814814814815,0.7597883597883598
AHZIJXFRI8CUC,1,0,0,1.0,1.0,1.0,+0.189495153969,+0.294806928388,+0.275295295159,1.0,1.0,1.0
A2QZ3E3AEY887V,1,0,0,0.8,0.5,0.6153846153846154,+-0.0105048460312,+-0.205193071612,+-0.109320089456,0.8,0.5,0.6153846153846154
A18TO2D0ADX3QT,18,13,0.7222222222222222,0.779538027332145,0.8111471861471863,0.7822424361898045,+-0.030966818699,+0.105954114535,+0.0575377313493,0.9420289855072465,0.9204545454545454,0.9297178130511464
A2MKUZ0K3S7NQU,3,1,0.3333333333333333,0.6666666666666666,0.5833333333333334,0.6190476190476191,+-0.143838179364,+-0.121859738279,+-0.105657085793,0.6666666666666666,0.6666666666666666,0.6666666666666666
A1Y50NM443ITPK,2,2,1.0,0.4,0.2222222222222222,0.2857142857142857,+-0.410504846031,+-0.48297084939,+-0.438990419126,1.0,1.0,1.0
A2J44NKNUFCS68,1,1,1,0.8181818181818182,0.8181818181818182,0.8181818181818182,+0.00767697215066,+0.11298874657,+0.0934771133413,1.0,1.0,1.0
A24BQT7XFB4Y3X,1,0,0,0.0,0.0,0,+-0.810504846031,+-0.705193071612,+-0.724704704841,0.0,0.0,0
A3FMVGPLM6G2R8,3,0,0.0,0.13725490196078433,0.10606060606060605,0.11965811965811965,+-0.67324994407,+-0.599132465551,+-0.605046585182,0.6150326797385621,0.563973063973064,0.5726495726495727
AWMQYV1RQM94M,2,0,0.0,0.5,0.4166666666666667,0.45454545454545453,+-0.310504846031,+-0.288526404945,+-0.270159250295,0.5,0.4166666666666667,0.45454545454545453
A2CK0OXMPOR9LE,7,4,0.5714285714285714,0.9,0.8061224489795918,0.8102139406487233,+0.0894951539688,+0.100929377368,+0.0855092358082,1.0,0.8775510204081634,0.9213250517598344
A1M7RRHMZDU2GT,8,5,0.625,0.7449929971988796,0.9077380952380952,0.7895609318996416,+-0.0655118488323,+0.202545023626,+0.0648562270591,0.7904962153069807,0.9910714285714286,0.8380591630591631
A2VE5IV9OD2SK1,2,1,0.5,0.6590909090909092,0.9090909090909092,0.7424242424242424,+-0.15141393694,+0.203897837479,+0.0177195375837,1.0,0.9090909090909092,0.95
A12SMSQ6D5227J,2,1,0.5,1.0,0.75,0.8333333333333333,+0.189495153969,+0.0448069283882,+0.108628628493,1.0,1.0,1.0
A1UN6Z74XH149G,4,0,0.0,0.9583333333333334,0.7341269841269842,0.8095804195804196,+0.147828487302,+0.0289339125151,+0.0848757147399,0.9583333333333334,0.7341269841269842,0.8095804195804196
A27XTJ5OY9C8S4,1,1,1,1.0,1.0,1.0,+0.189495153969,+0.294806928388,+0.275295295159,1.0,1.0,1.0
A3BBPCRHAJ61PP,3,1,0.3333333333333333,0.8666666666666667,1.0,0.9259259259259259,+0.0561618206355,+0.294806928388,+0.201221221085,1.0,1.0,1.0
A3IB2VOBA3T9LY,5,3,0.6,0.7,0.7428571428571429,0.7,+-0.110504846031,+0.0376640712453,+-0.0247047048405,0.8,0.8,0.8
A3TQD8CNO16IZK,16,9,0.5625,0.799323593073593,0.7619498556998556,0.7482924833953545,+-0.0111812529576,+0.056756784088,+0.0235877785548,0.89253108003108,0.9181998556998556,0.9032826095616343
A1JVUD5XUB9H48,4,2,0.5,0.9166666666666666,0.7916666666666667,0.8166666666666667,+0.106161820636,+0.0864735950548,+0.0919619618261,0.75,0.75,0.75
A1HBGAN6P9PCJW,7,3,0.42857142857142855,0.788888888888889,0.645330859616574,0.6881081220366935,+-0.0216159571423,+-0.0598622119953,+-0.0365965828038,0.8509316770186336,0.7903525046382189,0.8158730158730159
A34QZDSTKZ3JO9,18,14,0.7777777777777778,0.8336033129511389,0.8342051467051468,0.8050373785997909,+0.02309846692,+0.129012075093,+0.0803326737593,0.9249349684132293,0.9065656565656564,0.9143568299482279
A2MIOF3QNY3Y70,1,1,1,1.0,0.8181818181818182,0.9,+0.189495153969,+0.11298874657,+0.175295295159,1.0,1.0,1.0
A12HG43WV4VMOW,5,3,0.6,0.6633333333333333,0.7746753246753247,0.6475226244343892,+-0.147171512698,+0.0694822530635,+-0.0771820804061,0.991304347826087,1.0,0.9955555555555555
A2AP81G5LE5U8A,1,0,0,0.8666666666666667,0.5909090909090909,0.7027027027027029,+0.0561618206355,+-0.114283980703,+-0.0220020021378,0.9565217391304348,1.0,0.9777777777777777
A3S2CI33U988P7,1,0,0,0.8,0.5,0.6153846153846154,+-0.0105048460312,+-0.205193071612,+-0.109320089456,0.8888888888888888,1.0,0.9411764705882353
A1JW7UBUWNA0UG,1,0,0,0.9230769230769231,0.8571428571428571,0.888888888888889,+0.112572077046,+0.151949785531,+0.164184184048,0.9230769230769231,0.8571428571428571,0.888888888888889
A1X0H6VAK3AQE9,4,3,0.75,0.875,0.6666666666666667,0.6856060606060606,+0.0644951539688,+-0.0385264049452,+-0.0390986442345,1.0,1.0,1.0
A3R15RWWHVC7CP,4,2,0.5,0.6678571428571428,0.6883116883116883,0.6397988505747125,+-0.142647703174,+-0.0168813833001,+-0.0849058542658,0.9891304347826088,1.0,0.9944444444444445
A1KH62H92N4L13,1,0,0,0.4444444444444444,0.2222222222222222,0.2962962962962963,+-0.366060401587,+-0.48297084939,+-0.428408408544,0.4444444444444444,0.2222222222222222,0.2962962962962963
A3RA35OTC74TNU,1,1,1,1.0,1.0,1.0,+0.189495153969,+0.294806928388,+0.275295295159,1.0,1.0,1.0
A3KEM7W73EQB5Y,17,13,0.7647058823529411,0.7017139434959505,0.7203017570664629,0.6670652876535229,+-0.108790902535,+0.0151086854546,+-0.057639417187,0.8749999999999999,0.8796791443850268,0.877237851662404
AR6MC5TT8YDLY,1,1,1,1.0,1.0,1.0,+0.189495153969,+0.294806928388,+0.275295295159,1.0,1.0,1.0
A3KXSP2K60IZMB,18,15,0.8333333333333334,0.9113756613756613,0.8285734327400993,0.851722895450494,+0.100870815344,+0.123380361128,+0.12701819061,0.9420289855072465,0.9444444444444443,0.9432098765432099
A142JF5GBAFDK6,4,0,0.0,0.5525793650793651,0.44146825396825395,0.478505291005291,+-0.257925480952,+-0.263724817644,+-0.246199413835,0.7571248196248196,0.6460137085137085,0.6830507455507455
A2TEWO3WJ5YKGG,1,0,0,0.75,1.0,0.8571428571428571,+-0.0605048460312,+0.294806928388,+0.132438152302,1.0,1.0,1.0
A2Y9H7H882QER6,1,0,0,0.9230769230769231,0.8571428571428571,0.888888888888889,+0.112572077046,+0.151949785531,+0.164184184048,0.9230769230769231,0.8571428571428571,0.888888888888889
A2AAY4VT9L71SY,3,2,0.6666666666666666,0.5,0.5,0.4444444444444444,+-0.310504846031,+-0.205193071612,+-0.280260260396,0.6666666666666666,0.6666666666666666,0.6666666666666666
A1V43LOHWAE2AL,1,0,0,0.5,1.0,0.6666666666666666,+-0.310504846031,+0.294806928388,+-0.0580380381739,0.5,1.0,0.6666666666666666
A3BBDCU69807T2,18,15,0.8333333333333334,0.8419210419210419,0.8006854256854258,0.7821857453577884,+0.0314161958899,+0.0954923540736,+0.0574810405173,0.9420289855072465,0.9444444444444443,0.9432098765432099
A1UMJ5G9Z0A76F,18,14,0.7777777777777778,0.9669117647058822,0.8393458393458394,0.873681918439983,+0.156406918675,+0.134152767734,+0.148977213599,0.9419191919191919,0.9280303030303031,0.933982683982684
AEHRL61KFSZ73,1,0,0,1.0,1.0,1.0,+0.189495153969,+0.294806928388,+0.275295295159,1.0,1.0,1.0
AUUD28U2O0SPY,4,1,0.25,0.45000000000000007,0.25,0.3205128205128205,+-0.360504846031,+-0.455193071612,+-0.404191884328,0.5,0.375,0.41666666666666663
A3QUWIT972BYUH,18,15,0.8333333333333334,0.7133377425044092,0.8293350168350169,0.7189439835763365,+-0.0971671035268,+0.124141945223,+-0.00576072126419,0.9420289855072465,0.9444444444444443,0.9432098765432099
A39SX1QZR36L7A,1,1,1,1.0,0.8333333333333334,0.9090909090909091,+0.189495153969,+0.128140261721,+0.18438620425,1.0,1.0,1.0
A1PH1OHTTCHTWN,10,6,0.6,0.8025,0.7941558441558443,0.7708424908424909,+-0.00800484603116,+0.088962772544,+0.046137786002,0.9956521739130435,1.0,0.9977777777777777
A30NLLSDHFVM38,18,14,0.7777777777777778,0.9144889061555729,0.9052128427128427,0.8838513882631531,+0.103984060124,+0.200019771101,+0.159146683423,0.9364734299516909,0.9166666666666664,0.9233686067019401
A2929S7JLLYFSW,1,1,1,0.5,1.0,0.6666666666666666,+-0.310504846031,+0.294806928388,+-0.0580380381739,1.0,1.0,1.0
A23S3TBFRILU5H,1,0,0,1.0,0.5,0.6666666666666666,+0.189495153969,+-0.205193071612,+-0.0580380381739,0.0,0.0,0
A3IF0U05706TE5,1,0,0,0.16666666666666666,1.0,0.2857142857142857,+-0.643838179364,+0.294806928388,+-0.438990419126,0.16666666666666666,1.0,0.2857142857142857
A2KH26WMMTFJUC,1,0,0,0.8,0.5,0.6153846153846154,+-0.0105048460312,+-0.205193071612,+-0.109320089456,0.8,0.5,0.6153846153846154
A22VREP47FRS0N,1,1,1,1.0,0.8333333333333334,0.9090909090909091,+0.189495153969,+0.128140261721,+0.18438620425,1.0,1.0,1.0
AAC5XT7UY7B2K,1,0,0,0.8181818181818182,0.8181818181818182,0.8181818181818182,+0.00767697215066,+0.11298874657,+0.0934771133413,1.0,0.7272727272727273,0.8421052631578948
AL83KKXUORS9Y,18,15,0.8333333333333334,0.8210305126971794,0.6338383838383838,0.6866708015830822,+0.010525666666,+-0.0713546877735,+-0.0380339032574,0.9420289855072465,0.9444444444444443,0.9432098765432099
A1COI3RO5SCKVI,10,7,0.7,0.7552913752913752,0.8157467532467533,0.7764510635563268,+-0.0552134707398,+0.110553681635,+0.0517463587158,0.8999999999999999,0.8999999999999999,0.8999999999999999
AXH8UCJHSUCUM,2,1,0.5,0.5,0.25,0.3333333333333333,+-0.310504846031,+-0.455193071612,+-0.391371371507,0.5,0.5,0.5
A14BSSXMEM9PTD,7,6,0.8571428571428571,0.9361471861471861,0.8857709750566893,0.9005012531328321,+0.125642340116,+0.180577903445,+0.175796548292,1.0,1.0,1.0
ACI6UU4MR30U2,1,0,0,1.0,0.25,0.4,+0.189495153969,+-0.455193071612,+-0.324704704841,0.0,0.0,0
A3PPRVK6XK6GP5,4,3,0.75,0.9545454545454546,0.9545454545454546,0.9545454545454546,+0.144040608514,+0.249352382934,+0.229840749705,1.0,0.9545454545454546,0.975
A1V6CSBT0WW2OF,1,1,1,1.0,1.0,1.0,+0.189495153969,+0.294806928388,+0.275295295159,1.0,1.0,1.0
A1PTPOCNR967O5,18,14,0.7777777777777778,0.875721879695048,0.8090027256693924,0.8104309270975938,+0.0652170336639,+0.103809654058,+0.0857262222571,0.9142512077294687,0.9444444444444443,0.9246913580246913
A22G3IFRURGMBT,2,2,1.0,0.9,0.875,0.873015873015873,+0.0894951539688,+0.169806928388,+0.148311168175,1.0,1.0,1.0
A1O1UPAIBIDZJ0,12,9,0.75,0.8085511982570806,0.8303571428571429,0.803598362421892,+-0.00195364777408,+0.125164071245,+0.0788936575814,0.9166666666666666,0.9166666666666666,0.9166666666666666
A15RJPRX0KVUFS,17,11,0.6470588235294118,0.9211229946524064,0.8000275867922926,0.8222202859119695,+0.110618148621,+0.0948345151805,+0.0975155810714,0.9288150042625746,0.9012605042016807,0.9133663721899017
A39NM64GEBACDE,2,1,0.5,0.5,0.5,0.5,+-0.310504846031,+-0.205193071612,+-0.224704704841,1.0,0.5833333333333333,0.6428571428571428
A2W1C5PDHUF25O,1,1,1,0.25,1.0,0.4,+-0.560504846031,+0.294806928388,+-0.324704704841,1.0,1.0,1.0
A2R819T7EYBI95,2,1,0.5,0.9166666666666667,0.8571428571428572,0.8846153846153846,+0.106161820636,+0.151949785531,+0.159910679775,1.0,1.0,1.0
A2UE8TR7ZJSG1U,2,2,1.0,0.8125,0.7777777777777778,0.7941176470588236,+0.00199515396884,+0.0725847061659,+0.0694129422183,1.0,1.0,1.0
A1RWNYJA5X25YH,2,2,1.0,0.5952380952380952,0.8333333333333333,0.6481481481481481,+-0.215266750793,+0.128140261721,+-0.0765565566924,1.0,1.0,1.0
A1O2E8EN6BBO4G,18,9,0.5,0.4981481481481482,0.49074074074074076,0.47766554433221103,+-0.312356697883,+-0.214452330871,+-0.247039160508,0.7191358024691358,0.570887445887446,0.5939458689458689
A36YZCJV91T1EX,4,4,1.0,0.8452380952380952,0.670138888888889,0.7467532467532467,+0.0347332492069,+-0.0350541827229,+0.0220485419127,1.0,1.0,1.0
A1EH9BPKYXFBS5,1,0,0,0.0,0.0,0,+-0.810504846031,+-0.705193071612,+-0.724704704841,0.6666666666666666,1.0,0.8
A12J6O77R7WG93,1,0,0,1.0,0.5,0.6666666666666666,+0.189495153969,+-0.205193071612,+-0.0580380381739,1.0,0.5,0.6666666666666666
A3LUETNYKSGBFY,1,1,1,0.8,0.7272727272727273,0.761904761904762,+-0.0105048460312,+0.0220796556609,+0.0372000570642,1.0,1.0,1.0
AAAZWVXNMLBRL,2,1,0.5,1.0,0.9090909090909092,0.95,+0.189495153969,+0.203897837479,+0.225295295159,1.0,1.0,1.0
AYFYJ0OJ822QN,1,1,1,0.0,0.0,0,+-0.810504846031,+-0.705193071612,+-0.724704704841,1.0,1.0,1.0
A2CTQ6SUN2RIC4,3,0,0.0,0.6666666666666666,0.17045454545454547,0.26181818181818184,+-0.143838179364,+-0.534738526157,+-0.462886523022,0.9060606060606061,0.47564935064935066,0.6093181818181819
A18ZUFGMNOVI2Y,2,1,0.5,0.85,0.6590909090909092,0.71875,+0.0394951539688,+-0.0461021625209,+-0.00595470484053,0.9565217391304348,0.9772727272727273,0.9666666666666666
A1YJKLVJW1FE33,2,0,0.0,0.9166666666666667,0.8571428571428572,0.8846153846153846,+0.106161820636,+0.151949785531,+0.159910679775,0.7777777777777778,0.8571428571428572,0.8125
AZGBKAM5JUV5A,16,12,0.75,0.9234189723320158,0.8792613636363635,0.896458633958634,+0.112914126301,+0.174068292025,+0.171753929118,0.9347826086956521,0.9285714285714286,0.9313034188034188
APG8FREAKLXMG,5,3,0.6,0.7266666666666666,0.6428571428571429,0.6649572649572649,+-0.0838381793645,+-0.0623359287547,+-0.0597474398833,0.8,0.7428571428571429,0.7666666666666666
A23RHCS09VH072,7,5,0.7142857142857143,0.8589569160997733,0.7831632653061225,0.8023311888858108,+0.0484520700686,+0.0779701936943,+0.0776264840453,0.7976190476190476,1.0,0.8428571428571429
A3DTBL9NV7SDQC,6,0,0.0,0.736068376068376,0.806998556998557,0.6745876795786052,+-0.0744364699628,+0.101805485387,+-0.0501170252619,0.736068376068376,0.806998556998557,0.6745876795786052
A20MUNY2OLDCLC,1,1,1,1.0,0.6666666666666666,0.8,+0.189495153969,+-0.0385264049452,+0.0752952951595,1.0,1.0,1.0
A3AFYJC1KL8I13,2,0,0.0,0.75,0.875,0.7619047619047619,+-0.0605048460312,+0.169806928388,+0.0372000570642,0.75,0.875,0.7619047619047619
A1PZF5G2I2XK8R,1,1,1,1.0,1.0,1.0,+0.189495153969,+0.294806928388,+0.275295295159,1.0,1.0,1.0
A8P2CCZS7ZBQP,6,3,0.5,0.9444444444444444,0.7857142857142857,0.8381618381618382,+0.133939598413,+0.0805212141025,+0.113457133321,0.9537037037037037,0.9523809523809523,0.951734539969834
A4SDGG5X5IAD6,3,2,0.6666666666666666,0.8333333333333334,0.6805555555555556,0.6285714285714286,+0.0228284873022,+-0.0246375160563,+-0.0961332762691,1.0,0.9583333333333334,0.9777777777777777
AAXX5LDVJ32F8,2,2,1.0,1.0,0.8541666666666667,0.9212121212121211,+0.189495153969,+0.148973595055,+0.196507416372,1.0,1.0,1.0
A2ZRJMJTE6ID97,18,15,0.8333333333333334,0.9420289855072465,0.9444444444444443,0.9432098765432099,+0.131524139476,+0.239251372833,+0.218505171703,0.9420289855072465,0.9444444444444443,0.9432098765432099
A1VPE05UDNFKGV,1,0,0,0.0,0.0,0,+-0.810504846031,+-0.705193071612,+-0.724704704841,0.0,0.0,0
ADW969XQFSE3I,18,14,0.7777777777777778,0.8369214253272224,0.8274510982844316,0.8195499308981693,+0.0264165792961,+0.122258026673,+0.0948452260576,0.934156378600823,0.9343434343434343,0.933219954648526
A19RIGC12IFHQ,1,0,0,1.0,0.8333333333333334,0.9090909090909091,+0.189495153969,+0.128140261721,+0.18438620425,1.0,0.8333333333333334,0.9090909090909091
A2HNL20X0Q9BP0,18,15,0.8333333333333334,0.8121345029239766,0.8326819785153119,0.8052936986760516,+0.00162965689281,+0.127488906903,+0.0805889938355,0.9420289855072465,0.9444444444444443,0.9432098765432099
A2DLH5XGBNYXWS,1,0,0,0.0,0.0,0,+-0.810504846031,+-0.705193071612,+-0.724704704841,0.7272727272727273,1.0,0.8421052631578948
A2KG59JUICJLP0,5,4,0.8,0.7853174603174603,0.7954545454545455,0.7497435897435898,+-0.0251873857137,+0.0902614738427,+0.0250388849031,0.991304347826087,1.0,0.9955555555555555
A17JNO43TQ6DZT,18,15,0.8333333333333334,0.9039264828738512,0.8484247234247234,0.859233449477352,+0.0934216368427,+0.143231651813,+0.134528744637,0.9420289855072465,0.9444444444444443,0.9432098765432099
A3W1BZJDOLEW9P,14,9,0.6428571428571429,0.7948979591836733,0.7672000618429191,0.7618387895698819,+-0.0156068868475,+0.0620069902311,+0.0371340847294,0.7769520851818988,0.8334879406307977,0.7891156462585034
AYPI4JAC87BUI,1,1,1,0.8,0.5,0.6153846153846154,+-0.0105048460312,+-0.205193071612,+-0.109320089456,1.0,1.0,1.0
A3MIIUL4O2DPY7,2,2,1.0,0.25,0.5,0.3333333333333333,+-0.560504846031,+-0.205193071612,+-0.391371371507,1.0,1.0,1.0
AZL5V53B7C7L6,2,1,0.5,0.5833333333333334,0.6666666666666666,0.39285714285714285,+-0.227171512698,+-0.0385264049452,+-0.331847561983,0.5833333333333334,1.0,0.6428571428571428
A12R2U6TBB3OOG,18,13,0.7222222222222222,0.933186026936027,0.882936507936508,0.8841582908103377,+0.122681180905,+0.177743436325,+0.15945358597,0.9420289855072465,0.9285714285714284,0.9339506172839506
A9UBPUEWAMA06,1,0,0,1.0,0.5,0.6666666666666666,+0.189495153969,+-0.205193071612,+-0.0580380381739,1.0,1.0,1.0
A5ACBHV38DICN,18,15,0.8333333333333334,0.8647497832280442,0.8675444925444926,0.8473104056437389,+0.0542449371969,+0.162351420933,+0.122605700803,0.9420289855072465,0.9444444444444443,0.9432098765432099
A1OKRTF0JVITHL,18,14,0.7777777777777778,0.8864734299516909,0.8698593073593073,0.8620151453484787,+0.0759685839205,+0.164666235747,+0.137310440508,0.9350845410628019,0.9236111111111109,0.9266856600189933
AYH8J0DEVUYAR,12,9,0.75,0.7485680985680986,0.7363816738816737,0.7005170755170755,+-0.0619367474631,+0.0311886022698,+-0.0241876293235,0.9130434782608695,0.9166666666666666,0.9148148148148147
ANVQHOZD9JWYK,3,0,0.0,0.5817805383022774,0.7777777777777778,0.5078563411896745,+-0.228724307729,+0.0725847061659,+-0.216848363651,0.5817805383022774,0.7777777777777778,0.5078563411896745
ATOPSQ6JDYZ6H,1,0,0,0.0,0.0,0,+-0.810504846031,+-0.705193071612,+-0.724704704841,0.0,0.0,0
AASDDAZ8CP830,2,0,0.0,1.0,0.3333333333333333,0.47619047619047616,+0.189495153969,+-0.371859738279,+-0.24851422865,0.5,0.5,0.5
A38447E1ACQHGR,4,3,0.75,0.6375,0.7132936507936507,0.6,+-0.173004846031,+0.00810057918182,+-0.124704704841,1.0,1.0,1.0
A3FR8XRR269X70,1,0,0,0.8888888888888888,0.36363636363636365,0.5161290322580644,+0.0783840428577,+-0.341556707975,+-0.208575672582,0.9565217391304348,1.0,0.9777777777777777
A2OOOVLDSZDXMS,3,3,1.0,0.6666666666666666,0.375,0.4786324786324786,+-0.143838179364,+-0.330193071612,+-0.246072226208,1.0,1.0,1.0
A3KZSJQWDB2AGP,6,3,0.5,0.7962962962962963,0.5946969696969697,0.6625704045058883,+-0.0142085497349,+-0.110496101915,+-0.0621343003346,0.9194847020933977,0.8186026936026936,0.8552028218694885
A1XF7UK5NWBHNQ,3,2,0.6666666666666666,0.8333333333333334,0.9444444444444444,0.8585858585858586,+0.0228284873022,+0.239251372833,+0.133881153745,1.0,0.9444444444444444,0.9696969696969697
A18T67NDI2JK5Y,4,1,0.25,0.8500000000000001,0.850378787878788,0.8225108225108224,+0.0394951539688,+0.145185716267,+0.0978061176703,0.75,0.75,0.75
A2NSYLARWXDBCL,18,15,0.8333333333333334,0.8938746438746439,0.7646404521404521,0.796039205716625,+0.0833697978435,+0.0594473805286,+0.0713345008761,0.9420289855072465,0.9285714285714284,0.9339506172839506
A03922113RU44GENR8ATX,13,10,0.7692307692307693,0.9558857808857809,0.8385780885780886,0.8746091746091745,+0.145380934855,+0.133385016966,+0.149904469769,0.9012820512820513,0.9020979020979021,0.9014174231565536
A1MDMWZH08R3TI,1,1,1,1.0,1.0,1.0,+0.189495153969,+0.294806928388,+0.275295295159,1.0,1.0,1.0
A111JI6APXR6QV,3,1,0.3333333333333333,0.6111111111111112,0.5714285714285714,0.5897435897435896,+-0.19939373492,+-0.133764500183,+-0.134961115097,1.0,0.9166666666666666,0.9523809523809523
ATHS9CW2FLYUY,1,1,1,0.0,0.0,0,+-0.810504846031,+-0.705193071612,+-0.724704704841,1.0,1.0,1.0
A7X2K7IW80TBU,1,0,0,0.8181818181818182,0.8181818181818182,0.8181818181818182,+0.00767697215066,+0.11298874657,+0.0934771133413,0.8461538461538461,1.0,0.9166666666666666
A2LKGMMTO4DC4Z,1,0,0,0.6666666666666666,1.0,0.8,+-0.143838179364,+0.294806928388,+0.0752952951595,0.6666666666666666,1.0,0.8
A3P9OTCAYB6E9V,2,1,0.5,0.5,0.25,0.3333333333333333,+-0.310504846031,+-0.455193071612,+-0.391371371507,1.0,0.75,0.8333333333333333
A346UAH34GVOZX,2,2,1.0,0.75,0.875,0.8,+-0.0605048460312,+0.169806928388,+0.0752952951595,1.0,1.0,1.0
ASMH2HE8O60XC,18,3,0.16666666666666666,0.0902777777777778,0.053240740740740734,0.06250000000000001,+-0.720227068253,+-0.651952330871,+-0.662204704841,0.8226086048454471,0.8106762065095399,0.7901379350575257
AXFR7YKAC6GND,1,0,0,0.5555555555555556,0.7142857142857143,0.6250000000000001,+-0.254949290476,+0.00909264267388,+-0.0997047048405,1.0,0.8571428571428571,0.923076923076923
AO6M37NNCWXSF,1,1,1,0.6666666666666666,1.0,0.8,+-0.143838179364,+0.294806928388,+0.0752952951595,1.0,1.0,1.0
A1640H4RXH8NZE,3,3,1.0,0.9393939393939394,0.9393939393939394,0.9393939393939394,+0.128889093363,+0.234200867782,+0.214689234553,1.0,1.0,1.0
A21ZAMU19VL465,1,1,1,0.6923076923076923,0.8181818181818182,0.7500000000000001,+-0.118197153723,+0.11298874657,+0.0252952951595,1.0,1.0,1.0
A1XWYM32PN3RTY,1,0,0,0.8181818181818182,0.8181818181818182,0.8181818181818182,+0.00767697215066,+0.11298874657,+0.0934771133413,0.7333333333333333,1.0,0.846153846153846
A2HHQJVM3JJQ8F,2,1,0.5,0.6777777777777778,0.5625,0.6018099547511313,+-0.132727068253,+-0.142693071612,+-0.122894750089,0.7777777777777778,0.8125,0.7941176470588236
A2RMQFCSUFD6F6,18,13,0.7222222222222222,0.8691012691012691,0.7937109187109188,0.8148865537754426,+0.0585964230701,+0.0885178470991,+0.0901818489349,0.9343434343434343,0.9103535353535354,0.9208513708513707
A3UH5KXMS7AQS3,3,1,0.3333333333333333,0.7727272727272727,0.8203463203463204,0.7558190601668863,+-0.0377775733039,+0.115153248734,+0.0311143553264,0.7727272727272727,0.9393939393939394,0.8282828282828283
